Workbook

Sheet characterization
A1: metric | B1: sg-1_100MHz | C1: sg-1_150MHz | D1: sg-1_200MHz | E1: sg-1_250MHz | F1: sg-1_300MHz | G1: sg-2_100MHz | H1: sg-2_150MHz | I1: sg-2_200MHz | J1: sg-2_250MHz | K1: sg-2_300MHz | L1: sg-3_100MHz | M1: sg-3_150MHz | N1: sg-3_200MHz | O1: sg-3_250MHz | P1: sg-3_300MHz
A2: Period (ps) | B2: 10000 | C2: 6666.7 | D2: 5000 | E2: 4000 | F2: 3333.3 | G2: 10000 | H2: 6666.7 | I2: 5000 | J2: 4000 | K2: 3333.3 | L2: 10000 | M2: 6666.7 | N2: 5000 | O2: 4000 | P2: 3333.3
A3: Clock-to-Out (Tcq + Tsu, ps) | B3: 400 | C3: 400 | D3: 400 | E3: 400 | F3: 400 | G3: 340 | H3: 340 | I3: 340 | J3: 340 | K3: 340 | L3: 280 | M3: 280 | N3: 280 | O3: 280 | P3: 280
A5: Max primitive levels per cycle
A6: Max LUT6 levels | B6: 48 | C6: 31 | D6: 23 | E6: 18 | F6: 14 | G6: 56 | H6: 37 | I6: 27 | J6: 21 | K6: 17 | L6: 69 | M6: 45 | N6: 33 | O6: 26 | P6: 21
A7: Max MUXF7 levels | B7: 38 | C7: 25 | D7: 18 | E7: 14 | F7: 11 | G7: 43 | H7: 28 | I7: 21 | J7: 16 | K7: 13 | L7: 54 | M7: 35 | N7: 26 | O7: 20 | P7: 16
A8: Max MUXF8 levels | B8: 34 | C8: 22 | D8: 16 | E8: 12 | F8: 10 | G8: 38 | H8: 25 | I8: 18 | J8: 14 | K8: 11 | L8: 46 | M8: 30 | N8: 22 | O8: 17 | P8: 14
A9: Max CARRY4 levels | B9: 120 | C9: 78 | D9: 57 | E9: 45 | F9: 36 | G9: 138 | H9: 90 | I9: 66 | J9: 52 | K9: 42 | L9: 176 | M9: 116 | N9: 85 | O9: 67 | P9: 55
A10: Max DSP48 levels (PROXY for mixed-bag logic) | B10: 3 | C10: 2 | D10: 1 | E10: 1 | F10: 1 | G10: 4 | H10: 3 | I10: 2 | J10: 1 | K10: 1 | L10: 5 | M10: 3 | N10: 2 | O10: 2 | P10: 1
A11: Max LUTRAM levels | B11: 16 | C11: 10 | D11: 7 | E11: 6 | F11: 4 | G11: 19 | H11: 12 | I11: 9 | J11: 7 | K11: 5 | L11: 23 | M11: 15 | N11: 11 | O11: 8 | P11: 7
A12: Max SRL levels | B12: 24 | C12: 15 | D12: 11 | E12: 9 | F12: 7 | G12: 28 | H12: 18 | I12: 13 | J12: 10 | K12: 8 | L12: 34 | M12: 22 | N12: 16 | O12: 13 | P12: 10
A14: Per-primitive delay (ps) - freq-independent
A15: per LUT6 delay (ps) | B15: 200 | C15: 200 | D15: 200 | E15: 200 | F15: 200 | G15: 170 | H15: 170 | I15: 170 | J15: 170 | K15: 170 | L15: 140 | M15: 140 | N15: 140 | O15: 140 | P15: 140
A16: per MUXF7 delay (ps) | B16: 250 | C16: 250 | D16: 250 | E16: 250 | F16: 250 | G16: 220 | H16: 220 | I16: 220 | J16: 220 | K16: 220 | L16: 180 | M16: 180 | N16: 180 | O16: 180 | P16: 180
A17: per MUXF8 delay (ps) | B17: 280 | C17: 280 | D17: 280 | E17: 280 | F17: 280 | G17: 250 | H17: 250 | I17: 250 | J17: 250 | K17: 250 | L17: 210 | M17: 210 | N17: 210 | O17: 210 | P17: 210
A18: per CARRY4 delay (ps) | B18: 80 | C18: 80 | D18: 80 | E18: 80 | F18: 80 | G18: 70 | H18: 70 | I18: 70 | J18: 70 | K18: 70 | L18: 55 | M18: 55 | N18: 55 | O18: 55 | P18: 55
A19: per DSP48 delay (ps) (PROXY) | B19: 2500 | C19: 2500 | D19: 2500 | E19: 2500 | F19: 2500 | G19: 2100 | H19: 2100 | I19: 2100 | J19: 2100 | K19: 2100 | L19: 1800 | M19: 1800 | N19: 1800 | O19: 1800 | P19: 1800
A20: per LUTRAM delay (ps) | B20: 600 | C20: 600 | D20: 600 | E20: 600 | F20: 600 | G20: 500 | H20: 500 | I20: 500 | J20: 500 | K20: 500 | L20: 420 | M20: 420 | N20: 420 | O20: 420 | P20: 420
A21: per SRL delay (ps) | B21: 400 | C21: 400 | D21: 400 | E21: 400 | F21: 400 | G21: 340 | H21: 340 | I21: 340 | J21: 340 | K21: 340 | L21: 280 | M21: 280 | N21: 280 | O21: 280 | P21: 280
A23: Reference single-point primitives (ps) - not scaled by chain depth
A24: BRAM access time (ps) | B24: 2400 | C24: 2400 | D24: 2400 | E24: 2400 | F24: 2400 | G24: 2000 | H24: 2000 | I24: 2000 | J24: 2000 | K24: 2000 | L24: 1700 | M24: 1700 | N24: 1700 | O24: 1700 | P24: 1700
A26: Design clocks - one row per clock; downstream sheets VLOOKUP by name
A27: clock name | B27: freq (MHz) | C27: target sg | D27: period (ps) | E27: input delay 60% (ps) | F27: output delay 40% (ps) | G27: wire/hop (ps)
A28: clk_main | B28: 100 | C28: sg-1 | D28: =IF(ISNUMBER(B28), 1000000/B28, "") | E28: =IF(ISNUMBER(B28), D28*0.6, "") | F28: =IF(ISNUMBER(B28), D28*0.4, "") | G28: 200
D29: =IF(ISNUMBER(B29), 1000000/B29, "") | E29: =IF(ISNUMBER(B29), D29*0.6, "") | F29: =IF(ISNUMBER(B29), D29*0.4, "")
D30: =IF(ISNUMBER(B30), 1000000/B30, "") | E30: =IF(ISNUMBER(B30), D30*0.6, "") | F30: =IF(ISNUMBER(B30), D30*0.4, "")
D31: =IF(ISNUMBER(B31), 1000000/B31, "") | E31: =IF(ISNUMBER(B31), D31*0.6, "") | F31: =IF(ISNUMBER(B31), D31*0.4, "")
D32: =IF(ISNUMBER(B32), 1000000/B32, "") | E32: =IF(ISNUMBER(B32), D32*0.6, "") | F32: =IF(ISNUMBER(B32), D32*0.4, "")
D33: =IF(ISNUMBER(B33), 1000000/B33, "") | E33: =IF(ISNUMBER(B33), D33*0.6, "") | F33: =IF(ISNUMBER(B33), D33*0.4, "")
A35: Notes
A36: Speed grades: Artix-7 -1 (slowest, industrial) / -2 / -3 (fastest). Nexys A7-100T ships with xc7a100tcsg324-1.
A37: Tflop = FDRE Tcq + Tsu ~ 400 ps (-1). Calibrate by reading actual FDRE timing from a real post-route timing_summary.txt.
A38: max_levels = floor((period - Tflop) / per_primitive_delay).
A39: ** When the path is a mixed bag of primitives, use the DSP48 per-level number. A DSP48 macro contains mux + adder + register, so its per-level delay is a sensible blended estimate.
A40: BRAM is shown in the Reference section because its access time is a single-shot 1-cycle latency, not a scaled chain - use the absolute ps value, not levels-per-cycle.
A41: Wire delays land in the Design clocks table 'wire/hop' column; bump for longer routes or higher fanout, drop to 0 for paths that stay inside one CLB cluster.
A42: Seed data are Artix-7 datasheet + community ballparks. Replace with calibrated numbers from real Vivado post-route reports (parse per-FUB WNS out of timing_summary.txt produced by `make bitstream`).

Sheet building blocks
A1: block | B1: P1 | C1: P2 | D1: P3 | E1: P4 | F1: P5 | G1: P6 | H1: params | I1: flop_count | J1: LUT_count_est | K1: in MUX lv | L1: in LUT lv | M1: data->D sg1 (ps) | N1: data->D sg2 (ps) | O1: data->D sg3 (ps) | P1: out MUX lv | Q1: out LUT lv | R1: flop->out sg1 (ps) | S1: flop->out sg2 (ps) | T1: flop->out sg3 (ps) | U1: clock | V1: target period (ps) | W1: target sg | X1: target data->D (ps) | Y1: target flop->out (ps) | Z1: delay_in (ps) | AA1: delay_out (ps) | AC1: slack (ps) | AD1: notes
A2: CONFIG | B2: Each row's clock cell holds a name from characterization!Design clocks. Period / sg / wire/hop are VLOOKUP'd. Change the table to plan a new freq or speed grade and watch slack flip.
A3: BRAM-backed (SRAMs)
A4: BRAM (raw RAMB36) | B4: 32 | C4: 1024 | H4: P1=W, P2=D | I4: 0 | J4: =8*B4 + 16*CEILING(LOG(C4,2),1) | K4: 0 | L4: 1 | M4: =K4*characterization!$B$16 + L4*characterization!$B$15 | N4: =K4*characterization!$G$16 + L4*characterization!$G$15 | O4: =K4*characterization!$L$16 + L4*characterization!$L$15 | P4: 0 | Q4: 1 | R4: =P4*characterization!$B$16 + Q4*characterization!$B$15 | S4: =P4*characterization!$G$16 + Q4*characterization!$G$15 | T4: =P4*characterization!$L$16 + Q4*characterization!$L$15 | U4: clk_main | V4: =IFERROR(VLOOKUP(U4, characterization!$A$28:$G$33, 4, FALSE), "") | W4: =IFERROR(VLOOKUP(U4, characterization!$A$28:$G$33, 3, FALSE), "") | X4: =IF(W4="sg-1",M4,IF(W4="sg-2",N4,IF(W4="sg-3",O4,""))) | Y4: =IF(W4="sg-1",R4,IF(W4="sg-2",S4,IF(W4="sg-3",T4,""))) | Z4: =IFERROR(VLOOKUP(U4, characterization!$A$28:$G$33, 4, FALSE)*0.3, "") | AA4: =Z4 + X4 + Y4 | AC4: =IFERROR(V4 - AA4 - VLOOKUP(U4, characterization!$A$28:$G$33, 6, FALSE) - VLOOKUP(U4, characterization!$A$28:$G$33, 7, FALSE), "") | AD4: RAMB36 macro (single-port, sync read). Storage W*D bits lives in the macro, not LUTs. 1-cycle BRAM read latency.
A5: gaxi_fifo_sync (REG=1, BRAM-backed) | B5: 32 | C5: 1024 | H5: P1=W, P2=D | I5: =3*CEILING(LOG(C5,2),1) + 1 | J5: =B5*2 + CEILING(LOG(C5,2),1)*4 + 16 | K5: 0 | L5: 1 | M5: =K5*characterization!$B$16 + L5*characterization!$B$15 | N5: =K5*characterization!$G$16 + L5*characterization!$G$15 | O5: =K5*characterization!$L$16 + L5*characterization!$L$15 | P5: 0 | Q5: 1 | R5: =P5*characterization!$B$16 + Q5*characterization!$B$15 | S5: =P5*characterization!$G$16 + Q5*characterization!$G$15 | T5: =P5*characterization!$L$16 + Q5*characterization!$L$15 | U5: clk_main | V5: =IFERROR(VLOOKUP(U5, characterization!$A$28:$G$33, 4, FALSE), "") | W5: =IFERROR(VLOOKUP(U5, characterization!$A$28:$G$33, 3, FALSE), "") | X5: =IF(W5="sg-1",M5,IF(W5="sg-2",N5,IF(W5="sg-3",O5,""))) | Y5: =IF(W5="sg-1",R5,IF(W5="sg-2",S5,IF(W5="sg-3",T5,""))) | Z5: =IFERROR(VLOOKUP(U5, characterization!$A$28:$G$33, 4, FALSE)*0.3, "") | AA5: =Z5 + X5 + Y5 | AC5: =IFERROR(V5 - AA5 - VLOOKUP(U5, characterization!$A$28:$G$33, 6, FALSE) - VLOOKUP(U5, characterization!$A$28:$G$33, 7, FALSE), "") | AD5: REGISTERED=1 + MEM_STYLE=BRAM: storage in RAMB36. Used by SRAM controller units in STREAM/RAPIDS.
A6: Building Blocks
A7: gaxi_skid_buffer | B7: 1 | C7: 2 | H7: P1=W, P2=D | I7: =B7*C7 + C7 + 2 | J7: =B7*C7 + 8 | K7: 1 | L7: 1 | M7: =K7*characterization!$B$16 + L7*characterization!$B$15 | N7: =K7*characterization!$G$16 + L7*characterization!$G$15 | O7: =K7*characterization!$L$16 + L7*characterization!$L$15 | P7: 0 | Q7: 0 | R7: =P7*characterization!$B$16 + Q7*characterization!$B$15 | S7: =P7*characterization!$G$16 + Q7*characterization!$G$15 | T7: =P7*characterization!$L$16 + Q7*characterization!$L$15 | U7: clk_main | V7: =IFERROR(VLOOKUP(U7, characterization!$A$28:$G$33, 4, FALSE), "") | W7: =IFERROR(VLOOKUP(U7, characterization!$A$28:$G$33, 3, FALSE), "") | X7: =IF(W7="sg-1",M7,IF(W7="sg-2",N7,IF(W7="sg-3",O7,""))) | Y7: =IF(W7="sg-1",R7,IF(W7="sg-2",S7,IF(W7="sg-3",T7,""))) | Z7: =IFERROR(VLOOKUP(U7, characterization!$A$28:$G$33, 4, FALSE)*0.3, "") | AA7: =Z7 + X7 + Y7 | AC7: =IFERROR(V7 - AA7 - VLOOKUP(U7, characterization!$A$28:$G$33, 6, FALSE) - VLOOKUP(U7, characterization!$A$28:$G$33, 7, FALSE), "") | AD7: Skid head drives output directly (no out mux).
A8: gaxi_fifo_sync (REG=0) | B8: 1 | C8: 2 | H8: P1=W, P2=D | I8: =B8*C8 + 3*CEILING(LOG(C8,2),1) + 1 | J8: =B8*C8*2 + CEILING(LOG(C8,2),1)*4 + 12 | K8: 1 | L8: 2 | M8: =K8*characterization!$B$16 + L8*characterization!$B$15 | N8: =K8*characterization!$G$16 + L8*characterization!$G$15 | O8: =K8*characterization!$L$16 + L8*characterization!$L$15 | P8: =CEILING(LOG(C8,2),1) | Q8: 0 | R8: =P8*characterization!$B$16 + Q8*characterization!$B$15 | S8: =P8*characterization!$G$16 + Q8*characterization!$G$15 | T8: =P8*characterization!$L$16 + Q8*characterization!$L$15 | U8: clk_main | V8: =IFERROR(VLOOKUP(U8, characterization!$A$28:$G$33, 4, FALSE), "") | W8: =IFERROR(VLOOKUP(U8, characterization!$A$28:$G$33, 3, FALSE), "") | X8: =IF(W8="sg-1",M8,IF(W8="sg-2",N8,IF(W8="sg-3",O8,""))) | Y8: =IF(W8="sg-1",R8,IF(W8="sg-2",S8,IF(W8="sg-3",T8,""))) | Z8: =IFERROR(VLOOKUP(U8, characterization!$A$28:$G$33, 4, FALSE)*0.3, "") | AA8: =Z8 + X8 + Y8 | AC8: =IFERROR(V8 - AA8 - VLOOKUP(U8, characterization!$A$28:$G$33, 6, FALSE) - VLOOKUP(U8, characterization!$A$28:$G$33, 7, FALSE), "") | AD8: Output critical path = LUTRAM read mux tree, depth=log2(D).
A9: arbiter_round_robin | B9: 2 | H9: P1=N | I9: =B9 + 2 | J9: =B9*3 | K9: 0 | L9: 1 | M9: =K9*characterization!$B$16 + L9*characterization!$B$15 | N9: =K9*characterization!$G$16 + L9*characterization!$G$15 | O9: =K9*characterization!$L$16 + L9*characterization!$L$15 | P9: =CEILING(LOG(B9,2),1) | Q9: 1 | R9: =P9*characterization!$B$16 + Q9*characterization!$B$15 | S9: =P9*characterization!$G$16 + Q9*characterization!$G$15 | T9: =P9*characterization!$L$16 + Q9*characterization!$L$15 | U9: clk_main | V9: =IFERROR(VLOOKUP(U9, characterization!$A$28:$G$33, 4, FALSE), "") | W9: =IFERROR(VLOOKUP(U9, characterization!$A$28:$G$33, 3, FALSE), "") | X9: =IF(W9="sg-1",M9,IF(W9="sg-2",N9,IF(W9="sg-3",O9,""))) | Y9: =IF(W9="sg-1",R9,IF(W9="sg-2",S9,IF(W9="sg-3",T9,""))) | Z9: =IFERROR(VLOOKUP(U9, characterization!$A$28:$G$33, 4, FALSE)*0.3, "") | AA9: =Z9 + X9 + Y9 | AC9: =IFERROR(V9 - AA9 - VLOOKUP(U9, characterization!$A$28:$G$33, 6, FALSE) - VLOOKUP(U9, characterization!$A$28:$G$33, 7, FALSE), "") | AD9: Priority encoder is log2(N) MUX levels on the output.
A10: axi4_master_rd | B10: 32 | C10: 32 | D10: 4 | E10: 1 | F10: 2 | G10: 2 | H10: P1=AW, P2=DW, P3=IW, P4=UW, P5=SKID_AR, P6=SKID_R | I10: =F10*(B10+D10+E10+29) + G10*(D10+C10+E10+3) | J10: =2*(F10*(B10+D10+E10+29) + G10*(D10+C10+E10+3)) | K10: 1 | L10: 1 | M10: =K10*characterization!$B$16 + L10*characterization!$B$15 | N10: =K10*characterization!$G$16 + L10*characterization!$G$15 | O10: =K10*characterization!$L$16 + L10*characterization!$L$15 | P10: 1 | Q10: 1 | R10: =P10*characterization!$B$16 + Q10*characterization!$B$15 | S10: =P10*characterization!$G$16 + Q10*characterization!$G$15 | T10: =P10*characterization!$L$16 + Q10*characterization!$L$15 | U10: clk_main | V10: =IFERROR(VLOOKUP(U10, characterization!$A$28:$G$33, 4, FALSE), "") | W10: =IFERROR(VLOOKUP(U10, characterization!$A$28:$G$33, 3, FALSE), "") | X10: =IF(W10="sg-1",M10,IF(W10="sg-2",N10,IF(W10="sg-3",O10,""))) | Y10: =IF(W10="sg-1",R10,IF(W10="sg-2",S10,IF(W10="sg-3",T10,""))) | Z10: =IFERROR(VLOOKUP(U10, characterization!$A$28:$G$33, 4, FALSE)*0.3, "") | AA10: =Z10 + X10 + Y10 | AC10: =IFERROR(V10 - AA10 - VLOOKUP(U10, characterization!$A$28:$G$33, 6, FALSE) - VLOOKUP(U10, characterization!$A$28:$G$33, 7, FALSE), "") | AD10: Two skid buffers in series (AR + R).
A11: axi4_master_wr | B11: 32 | C11: 32 | D11: 4 | E11: 1 | F11: 2 | G11: 2 | H11: P1=AW, P2=DW, P3=IW, P4=UW, P5=SKID_AW, P6=SKID_W | I11: =F11*(B11+D11+E11+29) + G11*(C11+C11/8+E11+1) + 2*(D11+E11+2) | J11: =2*(F11*(B11+D11+E11+29) + G11*(C11+C11/8+E11+1) + 2*(D11+E11+2)) | K11: 1 | L11: 1 | M11: =K11*characterization!$B$16 + L11*characterization!$B$15 | N11: =K11*characterization!$G$16 + L11*characterization!$G$15 | O11: =K11*characterization!$L$16 + L11*characterization!$L$15 | P11: 1 | Q11: 1 | R11: =P11*characterization!$B$16 + Q11*characterization!$B$15 | S11: =P11*characterization!$G$16 + Q11*characterization!$G$15 | T11: =P11*characterization!$L$16 + Q11*characterization!$L$15 | U11: clk_main | V11: =IFERROR(VLOOKUP(U11, characterization!$A$28:$G$33, 4, FALSE), "") | W11: =IFERROR(VLOOKUP(U11, characterization!$A$28:$G$33, 3, FALSE), "") | X11: =IF(W11="sg-1",M11,IF(W11="sg-2",N11,IF(W11="sg-3",O11,""))) | Y11: =IF(W11="sg-1",R11,IF(W11="sg-2",S11,IF(W11="sg-3",T11,""))) | Z11: =IFERROR(VLOOKUP(U11, characterization!$A$28:$G$33, 4, FALSE)*0.3, "") | AA11: =Z11 + X11 + Y11 | AC11: =IFERROR(V11 - AA11 - VLOOKUP(U11, characterization!$A$28:$G$33, 6, FALSE) - VLOOKUP(U11, characterization!$A$28:$G$33, 7, FALSE), "") | AD11: Three skid buffers (AW + W + B); SKID_B fixed at 2.
