Workbook

Sheet README
A1: STREAM write-engine illustrative budget
A3: Purpose
A4: Walk through the STREAM write engine end-to-end using real
A5: module names, real-ish flop / NAND-gate counts, and SWAG
A6: timing numbers, so the designer can SEE that the methodology
A7: catches surprises BEFORE synthesis.
A9: Sheets
A10: 1. timings -- per-structure card (Tcq, comb, Tsu,
A11: flops, nand_gates), one row per
A12: parameterised instance, plus slack
A13: at periods 3 / 4 / 5 ns.
A14: 2. stream_write_eng -- 3 paths through the write engine.
... A44: README; the methodology is the same but the numbers differ.

Sheet timings
A1: structure | B1: params | C1: flops | D1: nand_gates | E1: Tcq_ps | F1: comb_ps | G1: Tsu_ps | H1: total_ps | I1: slack @3ns ps | J1: slack @4ns ps | K1: slack @5ns ps | L1: notes
A2: gaxi_skid_buffer(D=2, W=64) | B2: D=2 W=64 | C2: 128 | D2: 640 | E2: 80 | F2: 120 | G2: 60 | H2: =E2+F2+G2 | I2: =3000-H2 | J2: =4000-H2 | K2: =5000-H2 | L2: skid; small AW/cmd payload
A3: gaxi_skid_buffer(D=2, W=512) | B3: D=2 W=512 | C3: 1024 | D3: 5120 | E3: 80 | F3: 130 | G3: 60 | H3: =E3+F3+G3 | I3: =3000-H3 | J3: =4000-H3 | K3: =5000-H3 | L3: skid; full W datapath
A4: gaxi_skid_buffer(D=2, W=8) | B4: D=2 W=8 | C4: 16 | D4: 128 | E4: 80 | F4: 110 | G4: 60 | H4: =E4+F4+G4 | I4: =3000-H4 | J4: =4000-H4 | K4: =5000-H4 | L4: skid; B response payload
A5: gaxi_fifo_sync(D=8, W=64) | B5: D=8 W=64 | C5: 512 | D5: 3200 | E5: 90 | F5: 220 | G5: 70 | H5: =E5+F5+G5 | I5: =3000-H5 | J5: =4000-H5 | K5: =5000-H5 | L5: descriptor cmd fifo
A6: gaxi_fifo_sync(D=4, W=8) | B6: D=4 W=8 | C6: 32 | D6: 420 | E6: 90 | F6: 180 | G6: 70 | H6: =E6+F6+G6 | I6: =3000-H6 | J6: =4000-H6 | K6: =5000-H6 | L6: B response fifo
A7: arbiter_round_robin(N=8) | B7: N=8 | C7: 24 | D7: 96 | E7: 70 | F7: 140 | G7: 60 | H7: =E7+F7+G7 | I7: =3000-H7 | J7: =4000-H7 | K7: =5000-H7 | L7: channel RR arbiter
A8: axi_gen_addr(AW=64) | B8: AW=64 | C8: 0 | D8: 280 | E8: 0 | F8: 480 | G8: 60 | H8: =E8+F8+G8 | I8: =3000-H8 | J8: =4000-H8 | K8: =5000-H8 | L8: comb burst-addr gen (no internal flop)
A9: sram_read_mux(N=8, W=512) | B9: N=8 W=512 | C9: 512 | D9: 4096 | E9: 70 | F9: 290 | G9: 60 | H9: =E9+F9+G9 | I9: =3000-H9 | J9: =4000-H9 | K9: =5000-H9 | L9: 8:1 data mux at SRAM read
A10: sram_drain_ctrl(NC=8) | B10: NC=8 | C10: 96 | D10: 360 | E10: 70 | F10: 220 | G10: 60 | H10: =E10+F10+G10 | I10: =3000-H10 | J10: =4000-H10 | K10: =5000-H10 | L10: per-channel drain bookkeeping
A11: descriptor_decode | B11: (comb) | C11: 0 | D11: 210 | E11: 0 | F11: 180 | G11: 60 | H11: =E11+F11+G11 | I11: =3000-H11 | J11: =4000-H11 | K11: =5000-H11 | L11: comb decode of next descriptor
A12: write_engine_fsm | B12: S=4 | C12: 18 | D12: 120 | E12: 70 | F12: 150 | G12: 60 | H12: =E12+F12+G12 | I12: =3000-H12 | J12: =4000-H12 | K12: =5000-H12 | L12: tiny FSM, 4 states
A13: flop(W=64) | B13: W=64 | C13: 64 | D13: 320 | E13: 60 | F13: 0 | G13: 50 | H13: =E13+F13+G13 | I13: =3000-H13 | J13: =4000-H13 | K13: =5000-H13 | L13: register (Tcq + Tsu only)
... A16: adder(W=32) | B16: W=32 | C16: 0 | D16: 96 | E16: 0 | F16: 485 | G16: 50 | H16: =E16+F16+G16 | I16: =3000-H16 | J16: =4000-H16 | K16: =5000-H16 | L16: ripple adder

Sheet stream_write_eng
A1: Configuration
A2: Period (ps) | B2: 4000
A3: Target freq (MHz) | B3: =1e6/B2
A5: step | B5: module token | C5: regd_in | D5: Tcq_ps | E5: comb_ps | F5: Tsu_ps | G5: seg_total_ps | H5: seg_slack_ps | I5: flops | J5: nand_gates | K5: notes
A6: Path A: descriptor -> m_axi_aw (command)
A7: desc reg out of scheduler | B7: flop(W=64) | C7: yes | D7: =IFERROR(VLOOKUP(B7,timings!$A$2:$L$16,5,FALSE),0) | E7: =IFERROR(VLOOKUP(B7,timings!$A$2:$L$16,6,FALSE),0) | F7: =IFERROR(VLOOKUP(B7,timings!$A$2:$L$16,7,FALSE),0) | I7: =IFERROR(VLOOKUP(B7,timings!$A$2:$L$16,3,FALSE),0) | J7: =IFERROR(VLOOKUP(B7,timings!$A$2:$L$16,4,FALSE),0) | K7: descriptor latched in scheduler FSM
A8: descriptor_decode | B8: descriptor_decode | C8: no | D8: =IFERROR(VLOOKUP(B8,timings!$A$2:$L$16,5,FALSE),0) | E8: =IFERROR(VLOOKUP(B8,timings!$A$2:$L$16,6,FALSE),0) | F8: =IFERROR(VLOOKUP(B8,timings!$A$2:$L$16,7,FALSE),0) | I8: =IFERROR(VLOOKUP(B8,timings!$A$2:$L$16,3,FALSE),0) | J8: =IFERROR(VLOOKUP(B8,timings!$A$2:$L$16,4,FALSE),0) | K8: comb decode (NOT registered)
A9: segment total | G9: =D7+SUM(E7:E8)+F8 | H9: =$B$2-G9
A10: descriptor cmd FIFO push | B10: gaxi_fifo_sync(D=8, W=64) | C10: yes | D10: =IFERROR(VLOOKUP(B10,timings!$A$2:$L$16,5,FALSE),0) | E10: =IFERROR(VLOOKUP(B10,timings!$A$2:$L$16,6,FALSE),0) | F10: =IFERROR(VLOOKUP(B10,timings!$A$2:$L$16,7,FALSE),0) | I10: =IFERROR(VLOOKUP(B10,timings!$A$2:$L$16,3,FALSE),0) | J10: =IFERROR(VLOOKUP(B10,timings!$A$2:$L$16,4,FALSE),0) | K10: FIFO breaks the segment
A11: RR channel select | B11: arbiter_round_robin(N=8) | C11: no | D11: =IFERROR(VLOOKUP(B11,timings!$A$2:$L$16,5,FALSE),0) | E11: =IFERROR(VLOOKUP(B11,timings!$A$2:$L$16,6,FALSE),0) | F11: =IFERROR(VLOOKUP(B11,timings!$A$2:$L$16,7,FALSE),0) | I11: =IFERROR(VLOOKUP(B11,timings!$A$2:$L$16,3,FALSE),0) | J11: =IFERROR(VLOOKUP(B11,timings!$A$2:$L$16,4,FALSE),0) | K11: comb arbiter output drives addr gen
A12: burst addr gen | B12: axi_gen_addr(AW=64) | C12: no | D12: =IFERROR(VLOOKUP(B12,timings!$A$2:$L$16,5,FALSE),0) | E12: =IFERROR(VLOOKUP(B12,timings!$A$2:$L$16,6,FALSE),0) | F12: =IFERROR(VLOOKUP(B12,timings!$A$2:$L$16,7,FALSE),0) | I12: =IFERROR(VLOOKUP(B12,timings!$A$2:$L$16,3,FALSE),0) | J12: =IFERROR(VLOOKUP(B12,timings!$A$2:$L$16,4,FALSE),0) | K12: comb addr math (no flop)
A13: segment total | G13: =D10+SUM(E10:E12)+F12 | H13: =$B$2-G13
A14: AW skid push | B14: gaxi_skid_buffer(D=2, W=64) | C14: yes | D14: =IFERROR(VLOOKUP(B14,timings!$A$2:$L$16,5,FALSE),0) | E14: =IFERROR(VLOOKUP(B14,timings!$A$2:$L$16,6,FALSE),0) | F14: =IFERROR(VLOOKUP(B14,timings!$A$2:$L$16,7,FALSE),0) | I14: =IFERROR(VLOOKUP(B14,timings!$A$2:$L$16,3,FALSE),0) | J14: =IFERROR(VLOOKUP(B14,timings!$A$2:$L$16,4,FALSE),0) | K14: skid output drives m_axi_aw
A15: segment total | G15: =D14+SUM(E14:E14)+F14 | H15: =$B$2-G15
A17: Path B: SRAM read -> m_axi_w (data)
A18: sram_drain_ctrl out | B18: sram_drain_ctrl(NC=8) | C18: yes | D18: =IFERROR(VLOOKUP(B18,timings!$A$2:$L$16,5,FALSE),0) | E18: =IFERROR(VLOOKUP(B18,timings!$A$2:$L$16,6,FALSE),0) | F18: =IFERROR(VLOOKUP(B18,timings!$A$2:$L$16,7,FALSE),0) | I18: =IFERROR(VLOOKUP(B18,timings!$A$2:$L$16,3,FALSE),0) | J18: =IFERROR(VLOOKUP(B18,timings!$A$2:$L$16,4,FALSE),0) | K18: registered drain ID
A19: per-channel data mux | B19: sram_read_mux(N=8, W=512) | C19: no | D19: =IFERROR(VLOOKUP(B19,timings!$A$2:$L$16,5,FALSE),0) | E19: =IFERROR(VLOOKUP(B19,timings!$A$2:$L$16,6,FALSE),0) | F19: =IFERROR(VLOOKUP(B19,timings!$A$2:$L$16,7,FALSE),0) | I19: =IFERROR(VLOOKUP(B19,timings!$A$2:$L$16,3,FALSE),0) | J19: =IFERROR(VLOOKUP(B19,timings!$A$2:$L$16,4,FALSE),0) | K19: comb 8:1 mux into the W stream
A20: segment total | G20: =D18+SUM(E18:E19)+F19 | H20: =$B$2-G20
A21: W skid push | B21: gaxi_skid_buffer(D=2, W=512) | C21: yes | D21: =IFERROR(VLOOKUP(B21,timings!$A$2:$L$16,5,FALSE),0) | E21: =IFERROR(VLOOKUP(B21,timings!$A$2:$L$16,6,FALSE),0) | F21: =IFERROR(VLOOKUP(B21,timings!$A$2:$L$16,7,FALSE),0) | I21: =IFERROR(VLOOKUP(B21,timings!$A$2:$L$16,3,FALSE),0) | J21: =IFERROR(VLOOKUP(B21,timings!$A$2:$L$16,4,FALSE),0) | K21: skid output drives m_axi_w
A22: segment total | G22: =D21+SUM(E21:E21)+F21 | H22: =$B$2-G22
A24: Path C: m_axi_b -> b_done_q
A25: B skid out | B25: gaxi_skid_buffer(D=2, W=8) | C25: yes | D25: =IFERROR(VLOOKUP(B25,timings!$A$2:$L$16,5,FALSE),0) | E25: =IFERROR(VLOOKUP(B25,timings!$A$2:$L$16,6,FALSE),0) | F25: =IFERROR(VLOOKUP(B25,timings!$A$2:$L$16,7,FALSE),0) | I25: =IFERROR(VLOOKUP(B25,timings!$A$2:$L$16,3,FALSE),0) | J25: =IFERROR(VLOOKUP(B25,timings!$A$2:$L$16,4,FALSE),0) | K25: skid output of m_axi_b
A26: write_engine FSM | B26: write_engine_fsm | C26: no | D26: =IFERROR(VLOOKUP(B26,timings!$A$2:$L$16,5,FALSE),0) | E26: =IFERROR(VLOOKUP(B26,timings!$A$2:$L$16,6,FALSE),0) | F26: =IFERROR(VLOOKUP(B26,timings!$A$2:$L$16,7,FALSE),0) | I26: =IFERROR(VLOOKUP(B26,timings!$A$2:$L$16,3,FALSE),0) | J26: =IFERROR(VLOOKUP(B26,timings!$A$2:$L$16,4,FALSE),0) | K26: comb decode of B response
A27: segment total | G27: =D25+SUM(E25:E26)+F26 | H27: =$B$2-G27
A28: B response FIFO push | B28: gaxi_fifo_sync(D=4, W=8) | C28: yes | D28: =IFERROR(VLOOKUP(B28,timings!$A$2:$L$16,5,FALSE),0) | E28: =IFERROR(VLOOKUP(B28,timings!$A$2:$L$16,6,FALSE),0) | F28: =IFERROR(VLOOKUP(B28,timings!$A$2:$L$16,7,FALSE),0) | I28: =IFERROR(VLOOKUP(B28,timings!$A$2:$L$16,3,FALSE),0) | J28: =IFERROR(VLOOKUP(B28,timings!$A$2:$L$16,4,FALSE),0) | K28: B done event queued
A29: segment total | G29: =D28+SUM(E28:E28)+F28 | H29: =$B$2-G29
A31: GRAND TOTALS | H31: =MIN(H9,H13,H15,H20,H22,H27,H29) | I31: =SUM(I7,I8,I10,I11,I12,I14,I18,I19,I21,I25,I26,I28) | J31: =SUM(J7,J8,J10,J11,J12,J14,J18,J19,J21,J25,J26,J28)
